ts_epoch,rss_kb,vsz_kb,fd_count
1771613184,24928,411868016,138
1771613186,43168,411868016,139
1771613188,52224,411868016,139
1771613190,49328,411868016,139
1771613192,54800,411868016,139
1771613194,55888,411868016,139
1771613196,46480,411868016,139
1771613198,47952,411868016,139
1771613200,59456,411868016,150
1771613203,60752,411868016,150
1771613205,52432,411868016,150
1771613207,52080,411868016,149
1771613209,53584,411868016,149
1771613212,48720,411868016,149
1771613214,50928,411868016,149
1771613216,47696,411868016,149
1771613218,56016,411868016,149
1771613220,52064,411868016,149
1771613222,48768,411868016,147
1771613224,52144,411868016,149
1771613227,49168,411868016,149
1771613229,50912,411868016,148
1771613231,53712,411868016,149
1771613233,54048,411868016,149
1771613235,52832,411868016,149
1771613237,47536,411868016,149
1771613239,51696,411868016,149
1771613241,53904,411868016,149
1771613243,51632,411868016,149
1771613245,50416,411868016,148
1771613248,48432,411868016,146
1771613250,54896,411868016,145
1771613252,52704,411868016,144
1771613254,48832,411868016,144
1771613256,45632,411868016,139
1771613258,37152,411868016,138
1771613260,21776,411868016,138
1771613262,59920,411868016,139
1771613265,47040,411868016,139
1771613267,44832,411868016,139
1771613269,65168,411868016,140
1771613271,57776,411868016,140
1771613273,54032,411868016,140
1771613275,82160,411868016,142
1771613277,84656,411868016,140
1771613279,77936,411868016,140
1771613281,77440,411868016,141
1771613283,105008,411868016,147
1771613285,20896,411868016,146
1771613288,100400,411868016,148
1771613290,50512,411868016,147
1771613292,55632,411868016,147
1771613294,55024,411868016,148
1771613296,48144,411868016,147
1771613298,51360,411868016,147
1771613300,48592,411868016,148
1771613302,57328,411868016,145
1771613304,58256,411868016,145
1771613306,54672,411868016,146
1771613308,70048,411868016,146
1771613310,95472,411868016,146
1771613313,53136,411868016,146
1771613315,57472,412016048,147
1771613317,54992,411868016,146
1771613319,50304,411868016,146
1771613321,49664,411868016,147
1771613323,48688,411868016,146
1771613325,47552,411868016,145
1771613327,63632,411868016,147
1771613329,93392,411868016,149
1771613331,65344,411868016,148
1771613333,62048,411868016,149
1771613336,49840,411868016,148
1771613338,65216,411868016,148
1771613340,54784,411868016,148
1771613342,43184,411868016,149
1771613344,58176,411868016,148
1771613346,54544,411868016,149
1771613348,73616,411868016,148
1771613350,55216,411868016,148
1771613352,54192,411868016,148
1771613354,55440,411868016,148
1771613356,55168,411868016,148
1771613359,46592,411868016,146
1771613361,25040,411868016,146
1771613363,70928,411868016,146
1771613365,43040,411868016,146
1771613367,86096,411868016,150
1771613369,91248,411868016,149
1771613371,80112,411868016,149
1771613373,75248,411868016,149
1771613375,83376,411868016,148
1771613377,70336,411868016,149
1771613379,59984,411868016,149
1771613382,40416,411868016,149
1771613384,93264,411868016,151
1771613386,61680,411868016,151
1771613388,80928,411868016,149
1771613390,193040,411868016,150
1771613392,95440,411868016,149
1771613394,49664,411868016,149
1771613396,87776,411868016,151
1771613398,24944,411868016,151
1771613400,81328,411868016,152
1771613402,104960,411868016,149
1771613404,91936,411868016,149
1771613406,58992,411868016,148
1771613409,52832,411868016,147
1771613411,54928,411868016,147
1771613413,53392,411868016,147
1771613415,54640,411868016,148
1771613417,58112,411868016,147
1771613419,52432,411868016,147
1771613421,70624,411868016,148
1771613423,90912,411868016,148
1771613425,48832,411868016,148
1771613427,58752,411868016,148
1771613429,57504,411868016,149
1771613431,52560,411868016,148
1771613433,49984,411868016,148
1771613436,132832,411868016,150
1771613438,52720,411868016,151
1771613440,54384,411868016,150
1771613442,60864,411868016,151
1771613444,79792,411868016,150
1771613446,55888,411868016,150
1771613448,60000,411868016,150
1771613450,54304,411868016,150
1771613452,53264,411868016,151
1771613454,66368,411868016,150
1771613456,69984,411983152,150
1771613459,64768,411868016,150
1771613461,52832,411868016,149
1771613463,52544,411868016,149
1771613465,44000,411868016,149
1771613467,54384,411868016,148
1771613469,47632,411868016,148
1771613471,47280,411868016,148
1771613473,59408,411868016,149
1771613475,93200,411868016,150
1771613477,101472,411868016,150
1771613479,86160,411868016,150
1771613481,76752,411868016,150
1771613483,69920,411868016,150
1771613486,54704,411868016,150
1771613488,52896,411868016,150
1771613490,19856,411868016,150
1771613492,25568,411868016,150
1771613494,25856,411868016,150
1771613496,28048,411868016,149
1771613498,24368,411868016,149
1771613500,20816,411868016,149
1771613502,24352,411868016,149
1771613504,25504,411868016,149
